subset,n_images,metric,point_percent,ci_lower_percent,ci_upper_percent
tomato,24,background_iou,94.06,89.69,96.39
tomato,24,crop_row_iou,92.96,91.46,94.27
tomato,24,furrow_iou,93.63,93.03,94.25
tomato,24,obstacle_iou,71.03,68.49,72.70
tomato,24,miou,87.92,86.46,88.85
tomato,24,structural_miou,93.55,91.63,94.83
tomato,24,obstacle_precision,96.81,95.80,97.27
tomato,24,obstacle_recall,72.74,70.31,74.57
tomato,24,obstacle_f1,83.06,81.30,84.19
watermelon,23,background_iou,77.86,67.87,85.32
watermelon,23,crop_row_iou,71.00,68.65,73.59
watermelon,23,furrow_iou,90.71,89.82,91.52
watermelon,23,obstacle_iou,78.35,72.57,81.75
watermelon,23,miou,79.48,77.32,81.08
watermelon,23,structural_miou,79.86,76.06,83.00
watermelon,23,obstacle_precision,82.53,77.41,85.53
watermelon,23,obstacle_recall,93.93,91.85,95.09
watermelon,23,obstacle_f1,87.86,84.11,89.96
maize,22,background_iou,82.56,76.59,86.59
maize,22,crop_row_iou,83.55,79.53,87.00
maize,22,furrow_iou,84.73,82.03,87.49
maize,22,obstacle_iou,45.32,25.23,59.34
maize,22,miou,74.04,69.32,77.63
maize,22,structural_miou,83.61,80.91,85.78
maize,22,obstacle_precision,79.06,32.01,91.61
maize,22,obstacle_recall,51.50,38.69,78.02
maize,22,obstacle_f1,62.37,40.30,74.48
overall,69,background_iou,84.93,79.86,88.84
overall,69,crop_row_iou,84.19,81.56,86.53
overall,69,furrow_iou,89.76,88.54,90.92
overall,69,obstacle_iou,68.16,60.52,75.77
overall,69,miou,81.76,79.54,83.97
overall,69,structural_miou,86.29,83.98,88.27
overall,69,obstacle_precision,85.03,79.39,88.75
overall,69,obstacle_recall,77.46,67.96,87.98
overall,69,obstacle_f1,81.07,75.40,86.21

